{
  "matlab_compatible_X_shape": [
    8,
    60
  ],
  "full_state_shape": [
    8,
    61
  ],
  "Q_shape": [
    8,
    60
  ],
  "U_shape": [
    0,
    60
  ],
  "V_shape": [
    0,
    60
  ],
  "Y_shape": [
    0,
    60
  ],
  "minimum_state": 20.0,
  "maximum_state": 21.235470400144496,
  "final_state": [
    20.027761348076858,
    20.0336580449143,
    21.235448912233814,
    20.001184989572778,
    21.235470400144496,
    20.000429633582492,
    20.00071685214423,
    20.000966676220802
  ],
  "deterministic_repeat": true
}