identifier;description;construction_identifier;adjacent_A;adjacent_B;window_identifier;area;vertices;
B0001;EP Surface Names:Zn001:Wall001;C0001;AMB;Z0001;;69.67728;(0.000000,0.000000,4.572000),(0.000000,0.000000,0.000000),(15.240000,0.000000,0.000000),(15.240000,0.000000,4.572000);
B0002;EP Surface Names:Zn001:Wall002;C0001;AMB;Z0001;;69.67728;(15.240000,0.000000,4.572000),(15.240000,0.000000,0.000000),(15.240000,15.240000,0.000000),(15.240000,15.240000,4.572000);
B0003;EP Surface Names:Zn001:Wall003;C0001;AMB;Z0001;;69.67728;(15.240000,15.240000,4.572000),(15.240000,15.240000,0.000000),(0.000000,15.240000,0.000000),(0.000000,15.240000,4.572000);
B0004;EP Surface Names:Zn001:Wall004;C0001;AMB;Z0001;;69.67728;(0.000000,15.240000,4.572000),(0.000000,15.240000,0.000000),(0.000000,0.000000,0.000000),(0.000000,0.000000,4.572000);
B0005;EP Surface Names:Zn001:Flr001;C0002;ADB;Z0001;;232.2576;(15.240000,0.000000,0.000000),(0.000000,0.000000,0.000000),(0.000000,15.240000,0.000000),(15.240000,15.240000,0.000000);
B0006;EP Surface Names:Zn001:Roof001;C0003;AMB;Z0001;;232.2576;(0.000000,15.240000,4.572000),(0.000000,0.000000,4.572000),(15.240000,0.000000,4.572000),(15.240000,15.240000,4.572000);
